model,method,metric,attribute,pct_of_prompts,count,N_prompts
codegen350M,baseline,BI@5,age,33.23,111,334
codegen350M,baseline,BI@5,region,6.59,22,334
codegen350M,baseline,BI@5,gender,6.29,21,334
codegen350M,baseline,BI@5,salary,2.69,9,334
codegen350M,baseline,BI@5,education,9.88,33,334
codegen350M,baseline,BI@5,occupation,3.29,11,334
codegen350M,baseline,BI@5,race,2.69,9,334
codegen350M,baseline,BD@5,age,0.0,0,334
codegen350M,baseline,BD@5,region,0.0,0,334
codegen350M,baseline,BD@5,gender,0.0,0,334
codegen350M,baseline,BD@5,salary,0.0,0,334
codegen350M,baseline,BD@5,education,0.0,0,334
codegen350M,baseline,BD@5,occupation,0.0,0,334
codegen350M,baseline,BD@5,race,0.0,0,334
codegen350M,baseline,BE@5,age,66.77,223,334
codegen350M,baseline,BE@5,region,93.41,312,334
codegen350M,baseline,BE@5,gender,93.71,313,334
codegen350M,baseline,BE@5,salary,97.31,325,334
codegen350M,baseline,BE@5,education,90.12,301,334
codegen350M,baseline,BE@5,occupation,96.71,323,334
codegen350M,baseline,BE@5,race,97.31,325,334
codegen350M,baseline,CBS,age,7.78,26,334
codegen350M,baseline,CBS,region,0.9,3,334
codegen350M,baseline,CBS,gender,1.2,4,334
codegen350M,baseline,CBS,salary,0.0,0,334
codegen350M,baseline,CBS,education,1.5,5,334
codegen350M,baseline,CBS,occupation,0.3,1,334
codegen350M,baseline,CBS,race,0.0,0,334
codegen350M,promptmit_v1,BI@5,age,38.32,128,334
codegen350M,promptmit_v1,BI@5,region,6.89,23,334
codegen350M,promptmit_v1,BI@5,gender,6.89,23,334
codegen350M,promptmit_v1,BI@5,salary,1.8,6,334
codegen350M,promptmit_v1,BI@5,education,9.58,32,334
codegen350M,promptmit_v1,BI@5,occupation,3.89,13,334
codegen350M,promptmit_v1,BI@5,race,3.29,11,334
codegen350M,promptmit_v1,BD@5,age,0.6,2,334
codegen350M,promptmit_v1,BD@5,region,0.0,0,334
codegen350M,promptmit_v1,BD@5,gender,0.0,0,334
codegen350M,promptmit_v1,BD@5,salary,0.0,0,334
codegen350M,promptmit_v1,BD@5,education,0.0,0,334
codegen350M,promptmit_v1,BD@5,occupation,0.0,0,334
codegen350M,promptmit_v1,BD@5,race,0.0,0,334
codegen350M,promptmit_v1,BE@5,age,61.68,206,334
codegen350M,promptmit_v1,BE@5,region,93.11,311,334
codegen350M,promptmit_v1,BE@5,gender,93.11,311,334
codegen350M,promptmit_v1,BE@5,salary,98.2,328,334
codegen350M,promptmit_v1,BE@5,education,90.42,302,334
codegen350M,promptmit_v1,BE@5,occupation,96.11,321,334
codegen350M,promptmit_v1,BE@5,race,96.71,323,334
codegen350M,promptmit_v1,CBS,age,14.97,50,334
codegen350M,promptmit_v1,CBS,region,0.9,3,334
codegen350M,promptmit_v1,CBS,gender,0.9,3,334
codegen350M,promptmit_v1,CBS,salary,0.0,0,334
codegen350M,promptmit_v1,CBS,education,1.2,4,334
codegen350M,promptmit_v1,CBS,occupation,0.3,1,334
codegen350M,promptmit_v1,CBS,race,0.0,0,334
codegen350M,promptmit_v2,BI@5,age,41.62,139,334
codegen350M,promptmit_v2,BI@5,region,7.49,25,334
codegen350M,promptmit_v2,BI@5,gender,10.18,34,334
codegen350M,promptmit_v2,BI@5,salary,2.1,7,334
codegen350M,promptmit_v2,BI@5,education,15.57,52,334
codegen350M,promptmit_v2,BI@5,occupation,7.49,25,334
codegen350M,promptmit_v2,BI@5,race,5.39,18,334
codegen350M,promptmit_v2,BD@5,age,0.0,0,334
codegen350M,promptmit_v2,BD@5,region,0.0,0,334
codegen350M,promptmit_v2,BD@5,gender,0.0,0,334
codegen350M,promptmit_v2,BD@5,salary,0.0,0,334
codegen350M,promptmit_v2,BD@5,education,0.0,0,334
codegen350M,promptmit_v2,BD@5,occupation,0.0,0,334
codegen350M,promptmit_v2,BD@5,race,0.0,0,334
codegen350M,promptmit_v2,BE@5,age,58.38,195,334
codegen350M,promptmit_v2,BE@5,region,92.51,309,334
codegen350M,promptmit_v2,BE@5,gender,89.82,300,334
codegen350M,promptmit_v2,BE@5,salary,97.9,327,334
codegen350M,promptmit_v2,BE@5,education,84.43,282,334
codegen350M,promptmit_v2,BE@5,occupation,92.51,309,334
codegen350M,promptmit_v2,BE@5,race,94.61,316,334
codegen350M,promptmit_v2,CBS,age,10.18,34,334
codegen350M,promptmit_v2,CBS,region,0.9,3,334
codegen350M,promptmit_v2,CBS,gender,0.9,3,334
codegen350M,promptmit_v2,CBS,salary,0.0,0,334
codegen350M,promptmit_v2,CBS,education,2.4,8,334
codegen350M,promptmit_v2,CBS,occupation,0.9,3,334
codegen350M,promptmit_v2,CBS,race,0.3,1,334
codegen350M,postgenast,BI@5,age,44.31,148,334
codegen350M,postgenast,BI@5,region,0.3,1,334
codegen350M,postgenast,BI@5,gender,0.0,0,334
codegen350M,postgenast,BI@5,salary,1.8,6,334
codegen350M,postgenast,BI@5,education,18.26,61,334
codegen350M,postgenast,BI@5,occupation,4.19,14,334
codegen350M,postgenast,BI@5,race,0.0,0,334
codegen350M,postgenast,BD@5,age,0.3,1,334
codegen350M,postgenast,BD@5,region,0.0,0,334
codegen350M,postgenast,BD@5,gender,0.0,0,334
codegen350M,postgenast,BD@5,salary,0.0,0,334
codegen350M,postgenast,BD@5,education,0.0,0,334
codegen350M,postgenast,BD@5,occupation,0.0,0,334
codegen350M,postgenast,BD@5,race,0.0,0,334
codegen350M,postgenast,BE@5,age,55.69,186,334
codegen350M,postgenast,BE@5,region,99.7,333,334
codegen350M,postgenast,BE@5,gender,100.0,334,334
codegen350M,postgenast,BE@5,salary,98.2,328,334
codegen350M,postgenast,BE@5,education,81.74,273,334
codegen350M,postgenast,BE@5,occupation,95.81,320,334
codegen350M,postgenast,BE@5,race,100.0,334,334
codegen350M,postgenast,CBS,age,12.57,42,334
codegen350M,postgenast,CBS,region,0.0,0,334
codegen350M,postgenast,CBS,gender,0.0,0,334
codegen350M,postgenast,CBS,salary,0.0,0,334
codegen350M,postgenast,CBS,education,6.59,22,334
codegen350M,postgenast,CBS,occupation,0.3,1,334
codegen350M,postgenast,CBS,race,0.0,0,334
deepseek1.3b,baseline,BI@5,age,5.09,17,334
deepseek1.3b,baseline,BI@5,region,1.8,6,334
deepseek1.3b,baseline,BI@5,gender,2.1,7,334
deepseek1.3b,baseline,BI@5,salary,0.3,1,334
deepseek1.3b,baseline,BI@5,education,5.09,17,334
deepseek1.3b,baseline,BI@5,occupation,1.2,4,334
deepseek1.3b,baseline,BI@5,race,0.9,3,334
deepseek1.3b,baseline,BD@5,age,0.0,0,334
deepseek1.3b,baseline,BD@5,region,0.0,0,334
deepseek1.3b,baseline,BD@5,gender,0.0,0,334
deepseek1.3b,baseline,BD@5,salary,0.0,0,334
deepseek1.3b,baseline,BD@5,education,0.0,0,334
deepseek1.3b,baseline,BD@5,occupation,0.0,0,334
deepseek1.3b,baseline,BD@5,race,0.0,0,334
deepseek1.3b,baseline,BE@5,age,94.91,317,334
deepseek1.3b,baseline,BE@5,region,98.2,328,334
deepseek1.3b,baseline,BE@5,gender,97.9,327,334
deepseek1.3b,baseline,BE@5,salary,99.7,333,334
deepseek1.3b,baseline,BE@5,education,94.91,317,334
deepseek1.3b,baseline,BE@5,occupation,98.8,330,334
deepseek1.3b,baseline,BE@5,race,99.1,331,334
deepseek1.3b,baseline,CBS,age,0.6,2,334
deepseek1.3b,baseline,CBS,region,0.0,0,334
deepseek1.3b,baseline,CBS,gender,0.3,1,334
deepseek1.3b,baseline,CBS,salary,0.0,0,334
deepseek1.3b,baseline,CBS,education,0.6,2,334
deepseek1.3b,baseline,CBS,occupation,0.0,0,334
deepseek1.3b,baseline,CBS,race,0.0,0,334
deepseek1.3b,promptmit_v1,BI@5,age,11.68,39,334
deepseek1.3b,promptmit_v1,BI@5,region,5.99,20,334
deepseek1.3b,promptmit_v1,BI@5,gender,2.99,10,334
deepseek1.3b,promptmit_v1,BI@5,salary,0.6,2,334
deepseek1.3b,promptmit_v1,BI@5,education,8.68,29,334
deepseek1.3b,promptmit_v1,BI@5,occupation,1.5,5,334
deepseek1.3b,promptmit_v1,BI@5,race,0.9,3,334
deepseek1.3b,promptmit_v1,BD@5,age,0.0,0,334
deepseek1.3b,promptmit_v1,BD@5,region,0.0,0,334
deepseek1.3b,promptmit_v1,BD@5,gender,0.0,0,334
deepseek1.3b,promptmit_v1,BD@5,salary,0.0,0,334
deepseek1.3b,promptmit_v1,BD@5,education,0.0,0,334
deepseek1.3b,promptmit_v1,BD@5,occupation,0.0,0,334
deepseek1.3b,promptmit_v1,BD@5,race,0.0,0,334
deepseek1.3b,promptmit_v1,BE@5,age,88.32,295,334
deepseek1.3b,promptmit_v1,BE@5,region,94.01,314,334
deepseek1.3b,promptmit_v1,BE@5,gender,97.01,324,334
deepseek1.3b,promptmit_v1,BE@5,salary,99.4,332,334
deepseek1.3b,promptmit_v1,BE@5,education,91.32,305,334
deepseek1.3b,promptmit_v1,BE@5,occupation,98.5,329,334
deepseek1.3b,promptmit_v1,BE@5,race,99.1,331,334
deepseek1.3b,promptmit_v1,CBS,age,2.99,10,334
deepseek1.3b,promptmit_v1,CBS,region,1.2,4,334
deepseek1.3b,promptmit_v1,CBS,gender,0.9,3,334
deepseek1.3b,promptmit_v1,CBS,salary,0.3,1,334
deepseek1.3b,promptmit_v1,CBS,education,2.69,9,334
deepseek1.3b,promptmit_v1,CBS,occupation,0.0,0,334
deepseek1.3b,promptmit_v1,CBS,race,0.0,0,334
deepseek1.3b,promptmit_v2,BI@5,age,5.69,19,334
deepseek1.3b,promptmit_v2,BI@5,region,2.4,8,334
deepseek1.3b,promptmit_v2,BI@5,gender,0.9,3,334
deepseek1.3b,promptmit_v2,BI@5,salary,0.3,1,334
deepseek1.3b,promptmit_v2,BI@5,education,3.89,13,334
deepseek1.3b,promptmit_v2,BI@5,occupation,0.6,2,334
deepseek1.3b,promptmit_v2,BI@5,race,0.0,0,334
deepseek1.3b,promptmit_v2,BD@5,age,0.0,0,334
deepseek1.3b,promptmit_v2,BD@5,region,0.0,0,334
deepseek1.3b,promptmit_v2,BD@5,gender,0.0,0,334
deepseek1.3b,promptmit_v2,BD@5,salary,0.0,0,334
deepseek1.3b,promptmit_v2,BD@5,education,0.0,0,334
deepseek1.3b,promptmit_v2,BD@5,occupation,0.0,0,334
deepseek1.3b,promptmit_v2,BD@5,race,0.0,0,334
deepseek1.3b,promptmit_v2,BE@5,age,94.31,315,334
deepseek1.3b,promptmit_v2,BE@5,region,97.6,326,334
deepseek1.3b,promptmit_v2,BE@5,gender,99.1,331,334
deepseek1.3b,promptmit_v2,BE@5,salary,99.7,333,334
deepseek1.3b,promptmit_v2,BE@5,education,96.11,321,334
deepseek1.3b,promptmit_v2,BE@5,occupation,99.4,332,334
deepseek1.3b,promptmit_v2,BE@5,race,100.0,334,334
deepseek1.3b,promptmit_v2,CBS,age,0.9,3,334
deepseek1.3b,promptmit_v2,CBS,region,0.3,1,334
deepseek1.3b,promptmit_v2,CBS,gender,0.0,0,334
deepseek1.3b,promptmit_v2,CBS,salary,0.0,0,334
deepseek1.3b,promptmit_v2,CBS,education,0.3,1,334
deepseek1.3b,promptmit_v2,CBS,occupation,0.0,0,334
deepseek1.3b,promptmit_v2,CBS,race,0.0,0,334
deepseek1.3b,postgenast,BI@5,age,2.99,10,334
deepseek1.3b,postgenast,BI@5,region,0.0,0,334
deepseek1.3b,postgenast,BI@5,gender,0.0,0,334
deepseek1.3b,postgenast,BI@5,salary,0.3,1,334
deepseek1.3b,postgenast,BI@5,education,3.59,12,334
deepseek1.3b,postgenast,BI@5,occupation,0.3,1,334
deepseek1.3b,postgenast,BI@5,race,0.0,0,334
deepseek1.3b,postgenast,BD@5,age,0.0,0,334
deepseek1.3b,postgenast,BD@5,region,0.0,0,334
deepseek1.3b,postgenast,BD@5,gender,0.0,0,334
deepseek1.3b,postgenast,BD@5,salary,0.0,0,334
deepseek1.3b,postgenast,BD@5,education,0.0,0,334
deepseek1.3b,postgenast,BD@5,occupation,0.0,0,334
deepseek1.3b,postgenast,BD@5,race,0.0,0,334
deepseek1.3b,postgenast,BE@5,age,97.01,324,334
deepseek1.3b,postgenast,BE@5,region,100.0,334,334
deepseek1.3b,postgenast,BE@5,gender,100.0,334,334
deepseek1.3b,postgenast,BE@5,salary,99.7,333,334
deepseek1.3b,postgenast,BE@5,education,96.41,322,334
deepseek1.3b,postgenast,BE@5,occupation,99.7,333,334
deepseek1.3b,postgenast,BE@5,race,100.0,334,334
deepseek1.3b,postgenast,CBS,age,0.3,1,334
deepseek1.3b,postgenast,CBS,region,0.0,0,334
deepseek1.3b,postgenast,CBS,gender,0.0,0,334
deepseek1.3b,postgenast,CBS,salary,0.0,0,334
deepseek1.3b,postgenast,CBS,education,0.3,1,334
deepseek1.3b,postgenast,CBS,occupation,0.0,0,334
deepseek1.3b,postgenast,CBS,race,0.0,0,334
qwen1.5b,baseline,BI@5,age,7.49,25,334
qwen1.5b,baseline,BI@5,region,3.29,11,334
qwen1.5b,baseline,BI@5,gender,1.8,6,334
qwen1.5b,baseline,BI@5,salary,1.2,4,334
qwen1.5b,baseline,BI@5,education,3.29,11,334
qwen1.5b,baseline,BI@5,occupation,2.1,7,334
qwen1.5b,baseline,BI@5,race,0.6,2,334
qwen1.5b,baseline,BD@5,age,0.0,0,334
qwen1.5b,baseline,BD@5,region,0.0,0,334
qwen1.5b,baseline,BD@5,gender,0.0,0,334
qwen1.5b,baseline,BD@5,salary,0.0,0,334
qwen1.5b,baseline,BD@5,education,0.0,0,334
qwen1.5b,baseline,BD@5,occupation,0.0,0,334
qwen1.5b,baseline,BD@5,race,0.0,0,334
qwen1.5b,baseline,BE@5,age,92.51,309,334
qwen1.5b,baseline,BE@5,region,96.71,323,334
qwen1.5b,baseline,BE@5,gender,98.2,328,334
qwen1.5b,baseline,BE@5,salary,98.8,330,334
qwen1.5b,baseline,BE@5,education,96.71,323,334
qwen1.5b,baseline,BE@5,occupation,97.9,327,334
qwen1.5b,baseline,BE@5,race,99.4,332,334
qwen1.5b,baseline,CBS,age,1.2,4,334
qwen1.5b,baseline,CBS,region,0.3,1,334
qwen1.5b,baseline,CBS,gender,0.6,2,334
qwen1.5b,baseline,CBS,salary,0.6,2,334
qwen1.5b,baseline,CBS,education,0.3,1,334
qwen1.5b,baseline,CBS,occupation,0.3,1,334
qwen1.5b,baseline,CBS,race,0.3,1,334
qwen1.5b,promptmit_v1,BI@5,age,14.67,49,334
qwen1.5b,promptmit_v1,BI@5,region,3.59,12,334
qwen1.5b,promptmit_v1,BI@5,gender,2.99,10,334
qwen1.5b,promptmit_v1,BI@5,salary,0.6,2,334
qwen1.5b,promptmit_v1,BI@5,education,5.69,19,334
qwen1.5b,promptmit_v1,BI@5,occupation,2.4,8,334
qwen1.5b,promptmit_v1,BI@5,race,0.9,3,334
qwen1.5b,promptmit_v1,BD@5,age,0.3,1,334
qwen1.5b,promptmit_v1,BD@5,region,0.0,0,334
qwen1.5b,promptmit_v1,BD@5,gender,0.0,0,334
qwen1.5b,promptmit_v1,BD@5,salary,0.0,0,334
qwen1.5b,promptmit_v1,BD@5,education,0.0,0,334
qwen1.5b,promptmit_v1,BD@5,occupation,0.0,0,334
qwen1.5b,promptmit_v1,BD@5,race,0.0,0,334
qwen1.5b,promptmit_v1,BE@5,age,85.33,285,334
qwen1.5b,promptmit_v1,BE@5,region,96.41,322,334
qwen1.5b,promptmit_v1,BE@5,gender,97.01,324,334
qwen1.5b,promptmit_v1,BE@5,salary,99.4,332,334
qwen1.5b,promptmit_v1,BE@5,education,94.31,315,334
qwen1.5b,promptmit_v1,BE@5,occupation,97.6,326,334
qwen1.5b,promptmit_v1,BE@5,race,99.1,331,334
qwen1.5b,promptmit_v1,CBS,age,2.99,10,334
qwen1.5b,promptmit_v1,CBS,region,1.5,5,334
qwen1.5b,promptmit_v1,CBS,gender,0.3,1,334
qwen1.5b,promptmit_v1,CBS,salary,0.0,0,334
qwen1.5b,promptmit_v1,CBS,education,0.6,2,334
qwen1.5b,promptmit_v1,CBS,occupation,0.3,1,334
qwen1.5b,promptmit_v1,CBS,race,0.0,0,334
qwen1.5b,promptmit_v2,BI@5,age,13.47,45,334
qwen1.5b,promptmit_v2,BI@5,region,5.69,19,334
qwen1.5b,promptmit_v2,BI@5,gender,1.8,6,334
qwen1.5b,promptmit_v2,BI@5,salary,0.3,1,334
qwen1.5b,promptmit_v2,BI@5,education,6.59,22,334
qwen1.5b,promptmit_v2,BI@5,occupation,2.4,8,334
qwen1.5b,promptmit_v2,BI@5,race,0.0,0,334
qwen1.5b,promptmit_v2,BD@5,age,0.0,0,334
qwen1.5b,promptmit_v2,BD@5,region,0.0,0,334
qwen1.5b,promptmit_v2,BD@5,gender,0.0,0,334
qwen1.5b,promptmit_v2,BD@5,salary,0.0,0,334
qwen1.5b,promptmit_v2,BD@5,education,0.0,0,334
qwen1.5b,promptmit_v2,BD@5,occupation,0.0,0,334
qwen1.5b,promptmit_v2,BD@5,race,0.0,0,334
qwen1.5b,promptmit_v2,BE@5,age,86.53,289,334
qwen1.5b,promptmit_v2,BE@5,region,94.31,315,334
qwen1.5b,promptmit_v2,BE@5,gender,98.2,328,334
qwen1.5b,promptmit_v2,BE@5,salary,99.7,333,334
qwen1.5b,promptmit_v2,BE@5,education,93.41,312,334
qwen1.5b,promptmit_v2,BE@5,occupation,97.6,326,334
qwen1.5b,promptmit_v2,BE@5,race,100.0,334,334
qwen1.5b,promptmit_v2,CBS,age,2.4,8,334
qwen1.5b,promptmit_v2,CBS,region,0.9,3,334
qwen1.5b,promptmit_v2,CBS,gender,0.3,1,334
qwen1.5b,promptmit_v2,CBS,salary,0.0,0,334
qwen1.5b,promptmit_v2,CBS,education,0.6,2,334
qwen1.5b,promptmit_v2,CBS,occupation,0.3,1,334
qwen1.5b,promptmit_v2,CBS,race,0.0,0,334
qwen1.5b,postgenast,BI@5,age,6.29,21,334
qwen1.5b,postgenast,BI@5,region,1.2,4,334
qwen1.5b,postgenast,BI@5,gender,0.0,0,334
qwen1.5b,postgenast,BI@5,salary,1.2,4,334
qwen1.5b,postgenast,BI@5,education,2.99,10,334
qwen1.5b,postgenast,BI@5,occupation,1.5,5,334
qwen1.5b,postgenast,BI@5,race,0.0,0,334
qwen1.5b,postgenast,BD@5,age,0.0,0,334
qwen1.5b,postgenast,BD@5,region,0.0,0,334
qwen1.5b,postgenast,BD@5,gender,0.0,0,334
qwen1.5b,postgenast,BD@5,salary,0.0,0,334
qwen1.5b,postgenast,BD@5,education,0.0,0,334
qwen1.5b,postgenast,BD@5,occupation,0.0,0,334
qwen1.5b,postgenast,BD@5,race,0.0,0,334
qwen1.5b,postgenast,BE@5,age,93.71,313,334
qwen1.5b,postgenast,BE@5,region,98.8,330,334
qwen1.5b,postgenast,BE@5,gender,100.0,334,334
qwen1.5b,postgenast,BE@5,salary,98.8,330,334
qwen1.5b,postgenast,BE@5,education,97.01,324,334
qwen1.5b,postgenast,BE@5,occupation,98.5,329,334
qwen1.5b,postgenast,BE@5,race,100.0,334,334
qwen1.5b,postgenast,CBS,age,1.2,4,334
qwen1.5b,postgenast,CBS,region,0.0,0,334
qwen1.5b,postgenast,CBS,gender,0.0,0,334
qwen1.5b,postgenast,CBS,salary,0.6,2,334
qwen1.5b,postgenast,CBS,education,0.3,1,334
qwen1.5b,postgenast,CBS,occupation,0.3,1,334
qwen1.5b,postgenast,CBS,race,0.0,0,334
