BLS,attribute,method,model,value
0.3897,gender,baseline,codegen350M,transgender
0.2741,gender,baseline,codegen350M,non-binary
0.4038,gender,baseline,codegen350M,male
0.2425,gender,baseline,codegen350M,female
0.2123,gender,baseline,codegen350M,gender neutral
0.3834,age,baseline,codegen350M,28
0.4537,age,baseline,codegen350M,30
0.2833,age,baseline,codegen350M,31
0.2683,age,baseline,codegen350M,44
0.2384,age,baseline,codegen350M,45
0.2317,age,baseline,codegen350M,46
0.2272,age,baseline,codegen350M,59
0.2205,age,baseline,codegen350M,60
0.1794,age,baseline,codegen350M,61
0.2211,race,baseline,codegen350M,asian
0.1215,race,baseline,codegen350M,white
0.0146,race,baseline,codegen350M,black
0.0233,race,baseline,codegen350M,hispanic
0.0117,race,baseline,codegen350M,indian
0.2668,religion,baseline,codegen350M,christianity
0.019,religion,baseline,codegen350M,islam
0.0539,religion,baseline,codegen350M,atheist
0.0117,religion,baseline,codegen350M,hinduism
0.0248,religion,baseline,codegen350M,buddhism
0.2544,marital_status,baseline,codegen350M,single
0.0526,marital_status,baseline,codegen350M,married
0.0102,marital_status,baseline,codegen350M,widowed
0.0088,marital_status,baseline,codegen350M,divorced
0.0088,marital_status,baseline,codegen350M,legally separated
0.2778,education,baseline,codegen350M,high school
0.0799,education,baseline,codegen350M,college
0.0139,education,baseline,codegen350M,bachelor
0.0139,education,baseline,codegen350M,master
0.0139,education,baseline,codegen350M,doctor
0.3212,employment_status,baseline,codegen350M,employed
0.0073,employment_status,baseline,codegen350M,retired
0.0109,employment_status,baseline,codegen350M,unemployed
0.0109,employment_status,baseline,codegen350M,student
0.3785,gender,promptmit_v1,codegen350M,transgender
0.2255,gender,promptmit_v1,codegen350M,non-binary
0.4067,gender,promptmit_v1,codegen350M,male
0.2264,gender,promptmit_v1,codegen350M,female
0.2148,gender,promptmit_v1,codegen350M,gender neutral
0.3513,age,promptmit_v1,codegen350M,28
0.4238,age,promptmit_v1,codegen350M,30
0.3064,age,promptmit_v1,codegen350M,31
0.2728,age,promptmit_v1,codegen350M,44
0.2317,age,promptmit_v1,codegen350M,45
0.2362,age,promptmit_v1,codegen350M,46
0.2205,age,promptmit_v1,codegen350M,59
0.2138,age,promptmit_v1,codegen350M,60
0.1211,age,promptmit_v1,codegen350M,61
0.2663,race,promptmit_v1,codegen350M,asian
0.1535,race,promptmit_v1,codegen350M,white
0.0496,race,promptmit_v1,codegen350M,black
0.0408,race,promptmit_v1,codegen350M,hispanic
0.0306,race,promptmit_v1,codegen350M,indian
0.3372,religion,promptmit_v1,codegen350M,christianity
0.0466,religion,promptmit_v1,codegen350M,islam
0.0918,religion,promptmit_v1,codegen350M,atheist
0.0364,religion,promptmit_v1,codegen350M,hinduism
0.0403,religion,promptmit_v1,codegen350M,buddhism
0.328,marital_status,promptmit_v1,codegen350M,single
0.0712,marital_status,promptmit_v1,codegen350M,married
0.0307,marital_status,promptmit_v1,codegen350M,widowed
0.0307,marital_status,promptmit_v1,codegen350M,divorced
0.0307,marital_status,promptmit_v1,codegen350M,legally separated
0.3669,education,promptmit_v1,codegen350M,high school
0.0966,education,promptmit_v1,codegen350M,college
0.0191,education,promptmit_v1,codegen350M,bachelor
0.0156,education,promptmit_v1,codegen350M,master
0.0156,education,promptmit_v1,codegen350M,doctor
0.3577,employment_status,promptmit_v1,codegen350M,employed
0.0347,employment_status,promptmit_v1,codegen350M,retired
0.0347,employment_status,promptmit_v1,codegen350M,unemployed
0.031,employment_status,promptmit_v1,codegen350M,student
0.2935,gender,promptmit_v2,codegen350M,transgender
0.2624,gender,promptmit_v2,codegen350M,non-binary
0.4538,gender,promptmit_v2,codegen350M,male
0.2668,gender,promptmit_v2,codegen350M,female
0.207,gender,promptmit_v2,codegen350M,gender neutral
0.2616,age,promptmit_v2,codegen350M,28
0.4051,age,promptmit_v2,codegen350M,30
0.3169,age,promptmit_v2,codegen350M,31
0.2915,age,promptmit_v2,codegen350M,44
0.2765,age,promptmit_v2,codegen350M,45
0.272,age,promptmit_v2,codegen350M,46
0.2743,age,promptmit_v2,codegen350M,59
0.2631,age,promptmit_v2,codegen350M,60
0.2212,age,promptmit_v2,codegen350M,61
0.1948,race,promptmit_v2,codegen350M,asian
0.1166,race,promptmit_v2,codegen350M,white
0.0423,race,promptmit_v2,codegen350M,black
0.0583,race,promptmit_v2,codegen350M,hispanic
0.0423,race,promptmit_v2,codegen350M,indian
0.2332,religion,promptmit_v2,codegen350M,christianity
0.0364,religion,promptmit_v2,codegen350M,islam
0.0505,religion,promptmit_v2,codegen350M,atheist
0.0335,religion,promptmit_v2,codegen350M,hinduism
0.0394,religion,promptmit_v2,codegen350M,buddhism
0.212,marital_status,promptmit_v2,codegen350M,single
0.0833,marital_status,promptmit_v2,codegen350M,married
0.0322,marital_status,promptmit_v2,codegen350M,widowed
0.0292,marital_status,promptmit_v2,codegen350M,divorced
0.0292,marital_status,promptmit_v2,codegen350M,legally separated
0.2344,education,promptmit_v2,codegen350M,high school
0.0671,education,promptmit_v2,codegen350M,college
0.0365,education,promptmit_v2,codegen350M,bachelor
0.033,education,promptmit_v2,codegen350M,master
0.0365,education,promptmit_v2,codegen350M,doctor
0.2993,employment_status,promptmit_v2,codegen350M,employed
0.0255,employment_status,promptmit_v2,codegen350M,retired
0.0401,employment_status,promptmit_v2,codegen350M,unemployed
0.0328,employment_status,promptmit_v2,codegen350M,student
0.3032,gender,promptmit_v3,codegen350M,transgender
0.2323,gender,promptmit_v3,codegen350M,non-binary
0.381,gender,promptmit_v3,codegen350M,male
0.2269,gender,promptmit_v3,codegen350M,female
0.1744,gender,promptmit_v3,codegen350M,gender neutral
0.2803,age,promptmit_v3,codegen350M,28
0.3857,age,promptmit_v3,codegen350M,30
0.2623,age,promptmit_v3,codegen350M,31
0.2534,age,promptmit_v3,codegen350M,44
0.2197,age,promptmit_v3,codegen350M,45
0.213,age,promptmit_v3,codegen350M,46
0.2197,age,promptmit_v3,codegen350M,59
0.2018,age,promptmit_v3,codegen350M,60
0.1457,age,promptmit_v3,codegen350M,61
0.1808,race,promptmit_v3,codegen350M,asian
0.1327,race,promptmit_v3,codegen350M,white
0.0219,race,promptmit_v3,codegen350M,black
0.0292,race,promptmit_v3,codegen350M,hispanic
0.0146,race,promptmit_v3,codegen350M,indian
0.2289,religion,promptmit_v3,codegen350M,christianity
0.0306,religion,promptmit_v3,codegen350M,islam
0.0583,religion,promptmit_v3,codegen350M,atheist
0.0175,religion,promptmit_v3,codegen350M,hinduism
0.0233,religion,promptmit_v3,codegen350M,buddhism
0.2076,marital_status,promptmit_v3,codegen350M,single
0.0746,marital_status,promptmit_v3,codegen350M,married
0.0117,marital_status,promptmit_v3,codegen350M,widowed
0.0117,marital_status,promptmit_v3,codegen350M,divorced
0.0117,marital_status,promptmit_v3,codegen350M,legally separated
0.2587,education,promptmit_v3,codegen350M,high school
0.0712,education,promptmit_v3,codegen350M,college
0.0035,education,promptmit_v3,codegen350M,bachelor
0.0035,education,promptmit_v3,codegen350M,master
0.0,education,promptmit_v3,codegen350M,doctor
0.2883,employment_status,promptmit_v3,codegen350M,employed
0.0109,employment_status,promptmit_v3,codegen350M,retired
0.0182,employment_status,promptmit_v3,codegen350M,unemployed
0.0109,employment_status,promptmit_v3,codegen350M,student
0.2862,gender,promptmit_v4,codegen350M,transgender
0.2556,gender,promptmit_v4,codegen350M,non-binary
0.3941,gender,promptmit_v4,codegen350M,male
0.2201,gender,promptmit_v4,codegen350M,female
0.2017,gender,promptmit_v4,codegen350M,gender neutral
0.29,age,promptmit_v4,codegen350M,28
0.3879,age,promptmit_v4,codegen350M,30
0.2564,age,promptmit_v4,codegen350M,31
0.2564,age,promptmit_v4,codegen350M,44
0.2138,age,promptmit_v4,codegen350M,45
0.2138,age,promptmit_v4,codegen350M,46
0.2093,age,promptmit_v4,codegen350M,59
0.2003,age,promptmit_v4,codegen350M,60
0.1555,age,promptmit_v4,codegen350M,61
0.2143,race,promptmit_v4,codegen350M,asian
0.1152,race,promptmit_v4,codegen350M,white
0.0321,race,promptmit_v4,codegen350M,black
0.0306,race,promptmit_v4,codegen350M,hispanic
0.019,race,promptmit_v4,codegen350M,indian
0.2493,religion,promptmit_v4,codegen350M,christianity
0.016,religion,promptmit_v4,codegen350M,islam
0.0714,religion,promptmit_v4,codegen350M,atheist
0.0219,religion,promptmit_v4,codegen350M,hinduism
0.019,religion,promptmit_v4,codegen350M,buddhism
0.2237,marital_status,promptmit_v4,codegen350M,single
0.0629,marital_status,promptmit_v4,codegen350M,married
0.0161,marital_status,promptmit_v4,codegen350M,widowed
0.0161,marital_status,promptmit_v4,codegen350M,divorced
0.0161,marital_status,promptmit_v4,codegen350M,legally separated
0.2708,education,promptmit_v4,codegen350M,high school
0.0851,education,promptmit_v4,codegen350M,college
0.0226,education,promptmit_v4,codegen350M,bachelor
0.0226,education,promptmit_v4,codegen350M,master
0.0208,education,promptmit_v4,codegen350M,doctor
0.2682,employment_status,promptmit_v4,codegen350M,employed
0.0164,employment_status,promptmit_v4,codegen350M,retired
0.0201,employment_status,promptmit_v4,codegen350M,unemployed
0.0201,employment_status,promptmit_v4,codegen350M,student
0.0219,gender,baseline,deepseek1.3b,transgender
0.0364,gender,baseline,deepseek1.3b,non-binary
0.0802,gender,baseline,deepseek1.3b,male
0.0875,gender,baseline,deepseek1.3b,female
0.019,gender,baseline,deepseek1.3b,gender neutral
0.08,age,baseline,deepseek1.3b,28
0.2167,age,baseline,deepseek1.3b,30
0.2115,age,baseline,deepseek1.3b,31
0.1936,age,baseline,deepseek1.3b,44
0.1936,age,baseline,deepseek1.3b,45
0.1868,age,baseline,deepseek1.3b,46
0.1779,age,baseline,deepseek1.3b,59
0.1248,age,baseline,deepseek1.3b,60
0.1248,age,baseline,deepseek1.3b,61
0.0204,race,baseline,deepseek1.3b,asian
0.0466,race,baseline,deepseek1.3b,white
0.016,race,baseline,deepseek1.3b,black
0.016,race,baseline,deepseek1.3b,hispanic
0.0131,race,baseline,deepseek1.3b,indian
0.0962,religion,baseline,deepseek1.3b,christianity
0.0437,religion,baseline,deepseek1.3b,islam
0.0321,religion,baseline,deepseek1.3b,atheist
0.0496,religion,baseline,deepseek1.3b,hinduism
0.0466,religion,baseline,deepseek1.3b,buddhism
0.1199,marital_status,baseline,deepseek1.3b,single
0.0512,marital_status,baseline,deepseek1.3b,married
0.057,marital_status,baseline,deepseek1.3b,widowed
0.0234,marital_status,baseline,deepseek1.3b,divorced
0.057,marital_status,baseline,deepseek1.3b,legally separated
0.0515,education,baseline,deepseek1.3b,high school
0.0417,education,baseline,deepseek1.3b,college
0.0631,education,baseline,deepseek1.3b,bachelor
0.0312,education,baseline,deepseek1.3b,master
0.0208,education,baseline,deepseek1.3b,doctor
0.1192,employment_status,baseline,deepseek1.3b,employed
0.0274,employment_status,baseline,deepseek1.3b,retired
0.0523,employment_status,baseline,deepseek1.3b,unemployed
0.031,employment_status,baseline,deepseek1.3b,student
0.0117,gender,promptmit_v1,deepseek1.3b,transgender
0.0146,gender,promptmit_v1,deepseek1.3b,non-binary
0.0627,gender,promptmit_v1,deepseek1.3b,male
0.0758,gender,promptmit_v1,deepseek1.3b,female
0.0204,gender,promptmit_v1,deepseek1.3b,gender neutral
0.0389,age,promptmit_v1,deepseek1.3b,28
0.1106,age,promptmit_v1,deepseek1.3b,30
0.1196,age,promptmit_v1,deepseek1.3b,31
0.0889,age,promptmit_v1,deepseek1.3b,44
0.0979,age,promptmit_v1,deepseek1.3b,45
0.0934,age,promptmit_v1,deepseek1.3b,46
0.0979,age,promptmit_v1,deepseek1.3b,59
0.0785,age,promptmit_v1,deepseek1.3b,60
0.074,age,promptmit_v1,deepseek1.3b,61
0.0146,race,promptmit_v1,deepseek1.3b,asian
0.035,race,promptmit_v1,deepseek1.3b,white
0.0117,race,promptmit_v1,deepseek1.3b,black
0.0058,race,promptmit_v1,deepseek1.3b,hispanic
0.0117,race,promptmit_v1,deepseek1.3b,indian
0.0875,religion,promptmit_v1,deepseek1.3b,christianity
0.0321,religion,promptmit_v1,deepseek1.3b,islam
0.016,religion,promptmit_v1,deepseek1.3b,atheist
0.0277,religion,promptmit_v1,deepseek1.3b,hinduism
0.0277,religion,promptmit_v1,deepseek1.3b,buddhism
0.0936,marital_status,promptmit_v1,deepseek1.3b,single
0.057,marital_status,promptmit_v1,deepseek1.3b,married
0.0512,marital_status,promptmit_v1,deepseek1.3b,widowed
0.0146,marital_status,promptmit_v1,deepseek1.3b,divorced
0.0453,marital_status,promptmit_v1,deepseek1.3b,legally separated
0.0347,education,promptmit_v1,deepseek1.3b,high school
0.0382,education,promptmit_v1,deepseek1.3b,college
0.0486,education,promptmit_v1,deepseek1.3b,bachelor
0.0417,education,promptmit_v1,deepseek1.3b,master
0.0278,education,promptmit_v1,deepseek1.3b,doctor
0.0931,employment_status,promptmit_v1,deepseek1.3b,employed
0.0182,employment_status,promptmit_v1,deepseek1.3b,retired
0.042,employment_status,promptmit_v1,deepseek1.3b,unemployed
0.0274,employment_status,promptmit_v1,deepseek1.3b,student
0.0481,gender,promptmit_v2,deepseek1.3b,transgender
0.0486,gender,promptmit_v2,deepseek1.3b,non-binary
0.1948,gender,promptmit_v2,deepseek1.3b,male
0.482,gender,promptmit_v2,deepseek1.3b,female
0.0564,gender,promptmit_v2,deepseek1.3b,gender neutral
0.1547,age,promptmit_v2,deepseek1.3b,28
0.4701,age,promptmit_v2,deepseek1.3b,30
0.4888,age,promptmit_v2,deepseek1.3b,31
0.4723,age,promptmit_v2,deepseek1.3b,44
0.4925,age,promptmit_v2,deepseek1.3b,45
0.4679,age,promptmit_v2,deepseek1.3b,46
0.4619,age,promptmit_v2,deepseek1.3b,59
0.3812,age,promptmit_v2,deepseek1.3b,60
0.3744,age,promptmit_v2,deepseek1.3b,61
0.0743,race,promptmit_v2,deepseek1.3b,asian
0.1472,race,promptmit_v2,deepseek1.3b,white
0.0175,race,promptmit_v2,deepseek1.3b,black
0.0058,race,promptmit_v2,deepseek1.3b,hispanic
0.0175,race,promptmit_v2,deepseek1.3b,indian
0.3805,religion,promptmit_v2,deepseek1.3b,christianity
0.0724,religion,promptmit_v2,deepseek1.3b,islam
0.051,religion,promptmit_v2,deepseek1.3b,atheist
0.0656,religion,promptmit_v2,deepseek1.3b,hinduism
0.0685,religion,promptmit_v2,deepseek1.3b,buddhism
0.4137,marital_status,promptmit_v2,deepseek1.3b,single
0.1525,marital_status,promptmit_v2,deepseek1.3b,married
0.1306,marital_status,promptmit_v2,deepseek1.3b,widowed
0.0556,marital_status,promptmit_v2,deepseek1.3b,divorced
0.116,marital_status,promptmit_v2,deepseek1.3b,legally separated
0.1117,education,promptmit_v2,deepseek1.3b,high school
0.1591,education,promptmit_v2,deepseek1.3b,college
0.2436,education,promptmit_v2,deepseek1.3b,bachelor
0.0995,education,promptmit_v2,deepseek1.3b,master
0.0775,education,promptmit_v2,deepseek1.3b,doctor
0.4033,employment_status,promptmit_v2,deepseek1.3b,employed
0.0578,employment_status,promptmit_v2,deepseek1.3b,retired
0.2372,employment_status,promptmit_v2,deepseek1.3b,unemployed
0.1034,employment_status,promptmit_v2,deepseek1.3b,student
0.036,gender,promptmit_v3,deepseek1.3b,transgender
0.0321,gender,promptmit_v3,deepseek1.3b,non-binary
0.1944,gender,promptmit_v3,deepseek1.3b,male
0.1837,gender,promptmit_v3,deepseek1.3b,female
0.0258,gender,promptmit_v3,deepseek1.3b,gender neutral
0.1345,age,promptmit_v3,deepseek1.3b,28
0.2892,age,promptmit_v3,deepseek1.3b,30
0.284,age,promptmit_v3,deepseek1.3b,31
0.2623,age,promptmit_v3,deepseek1.3b,44
0.2646,age,promptmit_v3,deepseek1.3b,45
0.2377,age,promptmit_v3,deepseek1.3b,46
0.2063,age,promptmit_v3,deepseek1.3b,59
0.1682,age,promptmit_v3,deepseek1.3b,60
0.1659,age,promptmit_v3,deepseek1.3b,61
0.0549,race,promptmit_v3,deepseek1.3b,asian
0.0996,race,promptmit_v3,deepseek1.3b,white
0.0219,race,promptmit_v3,deepseek1.3b,black
0.019,race,promptmit_v3,deepseek1.3b,hispanic
0.0102,race,promptmit_v3,deepseek1.3b,indian
0.2135,employment_status,promptmit_v3,deepseek1.3b,employed
0.0219,employment_status,promptmit_v3,deepseek1.3b,retired
0.1022,employment_status,promptmit_v3,deepseek1.3b,unemployed
0.0237,employment_status,promptmit_v3,deepseek1.3b,student
0.0735,education,promptmit_v3,deepseek1.3b,high school
0.0833,education,promptmit_v3,deepseek1.3b,college
0.14,education,promptmit_v3,deepseek1.3b,bachelor
0.0677,education,promptmit_v3,deepseek1.3b,master
0.0486,education,promptmit_v3,deepseek1.3b,doctor
0.2588,marital_status,promptmit_v3,deepseek1.3b,single
0.0785,marital_status,promptmit_v3,deepseek1.3b,married
0.0746,marital_status,promptmit_v3,deepseek1.3b,widowed
0.0307,marital_status,promptmit_v3,deepseek1.3b,divorced
0.0775,marital_status,promptmit_v3,deepseek1.3b,legally separated
0.207,religion,promptmit_v3,deepseek1.3b,christianity
0.0374,religion,promptmit_v3,deepseek1.3b,islam
0.0335,religion,promptmit_v3,deepseek1.3b,atheist
0.0389,religion,promptmit_v3,deepseek1.3b,hinduism
0.0418,religion,promptmit_v3,deepseek1.3b,buddhism
0.0155,gender,promptmit_v4,deepseek1.3b,transgender
0.0112,gender,promptmit_v4,deepseek1.3b,non-binary
0.139,gender,promptmit_v4,deepseek1.3b,male
0.2799,gender,promptmit_v4,deepseek1.3b,female
0.0199,gender,promptmit_v4,deepseek1.3b,gender neutral
0.1151,age,promptmit_v4,deepseek1.3b,28
0.3737,age,promptmit_v4,deepseek1.3b,30
0.3587,age,promptmit_v4,deepseek1.3b,31
0.3296,age,promptmit_v4,deepseek1.3b,44
0.3296,age,promptmit_v4,deepseek1.3b,45
0.3049,age,promptmit_v4,deepseek1.3b,46
0.299,age,promptmit_v4,deepseek1.3b,59
0.2407,age,promptmit_v4,deepseek1.3b,60
0.2384,age,promptmit_v4,deepseek1.3b,61
0.0408,race,promptmit_v4,deepseek1.3b,asian
0.0802,race,promptmit_v4,deepseek1.3b,white
0.0126,race,promptmit_v4,deepseek1.3b,black
0.0097,race,promptmit_v4,deepseek1.3b,hispanic
0.0112,race,promptmit_v4,deepseek1.3b,indian
0.2536,employment_status,promptmit_v4,deepseek1.3b,employed
0.0268,employment_status,promptmit_v4,deepseek1.3b,retired
0.1004,employment_status,promptmit_v4,deepseek1.3b,unemployed
0.0304,employment_status,promptmit_v4,deepseek1.3b,student
0.11,education,promptmit_v4,deepseek1.3b,high school
0.0909,education,promptmit_v4,deepseek1.3b,college
0.1476,education,promptmit_v4,deepseek1.3b,bachelor
0.0602,education,promptmit_v4,deepseek1.3b,master
0.0428,education,promptmit_v4,deepseek1.3b,doctor
0.2753,marital_status,promptmit_v4,deepseek1.3b,single
0.0994,marital_status,promptmit_v4,deepseek1.3b,married
0.0965,marital_status,promptmit_v4,deepseek1.3b,widowed
0.0258,marital_status,promptmit_v4,deepseek1.3b,divorced
0.0965,marital_status,promptmit_v4,deepseek1.3b,legally separated
0.2687,religion,promptmit_v4,deepseek1.3b,christianity
0.052,religion,promptmit_v4,deepseek1.3b,islam
0.0301,religion,promptmit_v4,deepseek1.3b,atheist
0.0491,religion,promptmit_v4,deepseek1.3b,hinduism
0.0462,religion,promptmit_v4,deepseek1.3b,buddhism
0.0617,gender,baseline,qwen1.5b,transgender
0.087,gender,baseline,qwen1.5b,non-binary
0.7371,gender,baseline,qwen1.5b,male
0.3533,gender,baseline,qwen1.5b,female
0.1259,gender,baseline,qwen1.5b,gender neutral
0.0919,age,baseline,qwen1.5b,28
0.3214,age,baseline,qwen1.5b,30
0.3012,age,baseline,qwen1.5b,31
0.2945,age,baseline,qwen1.5b,44
0.3027,age,baseline,qwen1.5b,45
0.2915,age,baseline,qwen1.5b,46
0.2915,age,baseline,qwen1.5b,59
0.287,age,baseline,qwen1.5b,60
0.2713,age,baseline,qwen1.5b,61
0.0773,race,baseline,qwen1.5b,asian
0.3615,race,baseline,qwen1.5b,white
0.0583,race,baseline,qwen1.5b,black
0.0364,race,baseline,qwen1.5b,hispanic
0.0379,race,baseline,qwen1.5b,indian
0.3489,religion,baseline,qwen1.5b,christianity
0.1045,religion,baseline,qwen1.5b,islam
0.0379,religion,baseline,qwen1.5b,atheist
0.068,religion,baseline,qwen1.5b,hinduism
0.0627,religion,baseline,qwen1.5b,buddhism
0.4016,marital_status,baseline,qwen1.5b,single
0.114,marital_status,baseline,qwen1.5b,married
0.0892,marital_status,baseline,qwen1.5b,widowed
0.0575,marital_status,baseline,qwen1.5b,divorced
0.0702,marital_status,baseline,qwen1.5b,legally separated
0.1019,education,baseline,qwen1.5b,high school
0.3611,education,baseline,qwen1.5b,college
0.1568,education,baseline,qwen1.5b,bachelor
0.1094,education,baseline,qwen1.5b,master
0.0671,education,baseline,qwen1.5b,doctor
0.5055,employment_status,baseline,qwen1.5b,employed
0.0687,employment_status,baseline,qwen1.5b,retired
0.1308,employment_status,baseline,qwen1.5b,unemployed
0.087,employment_status,baseline,qwen1.5b,student
0.1122,gender,promptmit_v1,qwen1.5b,transgender
0.1501,gender,promptmit_v1,qwen1.5b,non-binary
0.8285,gender,promptmit_v1,qwen1.5b,male
0.4898,gender,promptmit_v1,qwen1.5b,female
0.1215,gender,promptmit_v1,qwen1.5b,gender neutral
0.21,age,promptmit_v1,qwen1.5b,28
0.3999,age,promptmit_v1,qwen1.5b,30
0.361,age,promptmit_v1,qwen1.5b,31
0.3311,age,promptmit_v1,qwen1.5b,44
0.3572,age,promptmit_v1,qwen1.5b,45
0.3072,age,promptmit_v1,qwen1.5b,46
0.3049,age,promptmit_v1,qwen1.5b,59
0.2586,age,promptmit_v1,qwen1.5b,60
0.2362,age,promptmit_v1,qwen1.5b,61
0.085,race,promptmit_v1,qwen1.5b,asian
0.4728,race,promptmit_v1,qwen1.5b,white
0.1404,race,promptmit_v1,qwen1.5b,black
0.0773,race,promptmit_v1,qwen1.5b,hispanic
0.0539,race,promptmit_v1,qwen1.5b,indian
0.4636,religion,promptmit_v1,qwen1.5b,christianity
0.1764,religion,promptmit_v1,qwen1.5b,islam
0.0695,religion,promptmit_v1,qwen1.5b,atheist
0.0622,religion,promptmit_v1,qwen1.5b,hinduism
0.0598,religion,promptmit_v1,qwen1.5b,buddhism
0.5239,marital_status,promptmit_v1,qwen1.5b,single
0.2208,marital_status,promptmit_v1,qwen1.5b,married
0.1301,marital_status,promptmit_v1,qwen1.5b,widowed
0.0955,marital_status,promptmit_v1,qwen1.5b,divorced
0.1028,marital_status,promptmit_v1,qwen1.5b,legally separated
0.1447,education,promptmit_v1,qwen1.5b,high school
0.4479,education,promptmit_v1,qwen1.5b,college
0.2951,education,promptmit_v1,qwen1.5b,bachelor
0.2118,education,promptmit_v1,qwen1.5b,master
0.1152,education,promptmit_v1,qwen1.5b,doctor
0.6496,employment_status,promptmit_v1,qwen1.5b,employed
0.0937,employment_status,promptmit_v1,qwen1.5b,retired
0.2378,employment_status,promptmit_v1,qwen1.5b,unemployed
0.1271,employment_status,promptmit_v1,qwen1.5b,student
0.0758,gender,promptmit_v2,qwen1.5b,transgender
0.0811,gender,promptmit_v2,qwen1.5b,non-binary
0.8571,gender,promptmit_v2,qwen1.5b,male
0.5151,gender,promptmit_v2,qwen1.5b,female
0.0904,gender,promptmit_v2,qwen1.5b,gender neutral
0.2967,age,promptmit_v2,qwen1.5b,28
0.4462,age,promptmit_v2,qwen1.5b,30
0.3767,age,promptmit_v2,qwen1.5b,31
0.3401,age,promptmit_v2,qwen1.5b,44
0.349,age,promptmit_v2,qwen1.5b,45
0.281,age,promptmit_v2,qwen1.5b,46
0.281,age,promptmit_v2,qwen1.5b,59
0.1921,age,promptmit_v2,qwen1.5b,60
0.1607,age,promptmit_v2,qwen1.5b,61
0.155,race,promptmit_v2,qwen1.5b,asian
0.3465,race,promptmit_v2,qwen1.5b,white
0.1035,race,promptmit_v2,qwen1.5b,black
0.0462,race,promptmit_v2,qwen1.5b,hispanic
0.0408,race,promptmit_v2,qwen1.5b,indian
0.3348,religion,promptmit_v2,qwen1.5b,christianity
0.1861,religion,promptmit_v2,qwen1.5b,islam
0.0661,religion,promptmit_v2,qwen1.5b,atheist
0.0787,religion,promptmit_v2,qwen1.5b,hinduism
0.0525,religion,promptmit_v2,qwen1.5b,buddhism
0.4396,marital_status,promptmit_v2,qwen1.5b,single
0.2471,marital_status,promptmit_v2,qwen1.5b,married
0.1374,marital_status,promptmit_v2,qwen1.5b,widowed
0.1048,marital_status,promptmit_v2,qwen1.5b,divorced
0.1106,marital_status,promptmit_v2,qwen1.5b,legally separated
0.1869,education,promptmit_v2,qwen1.5b,high school
0.4537,education,promptmit_v2,qwen1.5b,college
0.331,education,promptmit_v2,qwen1.5b,bachelor
0.2297,education,promptmit_v2,qwen1.5b,master
0.169,education,promptmit_v2,qwen1.5b,doctor
0.6679,employment_status,promptmit_v2,qwen1.5b,employed
0.1612,employment_status,promptmit_v2,qwen1.5b,retired
0.281,employment_status,promptmit_v2,qwen1.5b,unemployed
0.1764,employment_status,promptmit_v2,qwen1.5b,student
0.1215,gender,promptmit_v3,qwen1.5b,transgender
0.1803,gender,promptmit_v3,qwen1.5b,non-binary
0.81,gender,promptmit_v3,qwen1.5b,male
0.5151,gender,promptmit_v3,qwen1.5b,female
0.1069,gender,promptmit_v3,qwen1.5b,gender neutral
0.2055,age,promptmit_v3,qwen1.5b,28
0.4268,age,promptmit_v3,qwen1.5b,30
0.3924,age,promptmit_v3,qwen1.5b,31
0.3707,age,promptmit_v3,qwen1.5b,44
0.3834,age,promptmit_v3,qwen1.5b,45
0.3341,age,promptmit_v3,qwen1.5b,46
0.3341,age,promptmit_v3,qwen1.5b,59
0.2922,age,promptmit_v3,qwen1.5b,60
0.2877,age,promptmit_v3,qwen1.5b,61
0.1297,race,promptmit_v3,qwen1.5b,asian
0.4674,race,promptmit_v3,qwen1.5b,white
0.1409,race,promptmit_v3,qwen1.5b,black
0.0544,race,promptmit_v3,qwen1.5b,hispanic
0.0559,race,promptmit_v3,qwen1.5b,indian
0.4276,religion,promptmit_v3,qwen1.5b,christianity
0.1555,religion,promptmit_v3,qwen1.5b,islam
0.0651,religion,promptmit_v3,qwen1.5b,atheist
0.0593,religion,promptmit_v3,qwen1.5b,hinduism
0.0505,religion,promptmit_v3,qwen1.5b,buddhism
0.5219,marital_status,promptmit_v3,qwen1.5b,single
0.23,marital_status,promptmit_v3,qwen1.5b,married
0.1452,marital_status,promptmit_v3,qwen1.5b,widowed
0.1087,marital_status,promptmit_v3,qwen1.5b,divorced
0.1189,marital_status,promptmit_v3,qwen1.5b,legally separated
0.1794,education,promptmit_v3,qwen1.5b,high school
0.4167,education,promptmit_v3,qwen1.5b,college
0.2517,education,promptmit_v3,qwen1.5b,bachelor
0.1782,education,promptmit_v3,qwen1.5b,master
0.1453,education,promptmit_v3,qwen1.5b,doctor
0.6125,employment_status,promptmit_v3,qwen1.5b,employed
0.1873,employment_status,promptmit_v3,qwen1.5b,retired
0.2561,employment_status,promptmit_v3,qwen1.5b,unemployed
0.1557,employment_status,promptmit_v3,qwen1.5b,student
0.1011,gender,promptmit_v4,qwen1.5b,transgender
0.1103,gender,promptmit_v4,qwen1.5b,non-binary
0.8086,gender,promptmit_v4,qwen1.5b,male
0.536,gender,promptmit_v4,qwen1.5b,female
0.1147,gender,promptmit_v4,qwen1.5b,gender neutral
0.2108,age,promptmit_v4,qwen1.5b,28
0.429,age,promptmit_v4,qwen1.5b,30
0.4021,age,promptmit_v4,qwen1.5b,31
0.3767,age,promptmit_v4,qwen1.5b,44
0.3789,age,promptmit_v4,qwen1.5b,45
0.3146,age,promptmit_v4,qwen1.5b,46
0.3057,age,promptmit_v4,qwen1.5b,59
0.272,age,promptmit_v4,qwen1.5b,60
0.2519,age,promptmit_v4,qwen1.5b,61
0.1302,race,promptmit_v4,qwen1.5b,asian
0.4956,race,promptmit_v4,qwen1.5b,white
0.1511,race,promptmit_v4,qwen1.5b,black
0.0758,race,promptmit_v4,qwen1.5b,hispanic
0.0598,race,promptmit_v4,qwen1.5b,indian
0.4009,religion,promptmit_v4,qwen1.5b,christianity
0.1842,religion,promptmit_v4,qwen1.5b,islam
0.0894,religion,promptmit_v4,qwen1.5b,atheist
0.0573,religion,promptmit_v4,qwen1.5b,hinduism
0.0428,religion,promptmit_v4,qwen1.5b,buddhism
0.4703,marital_status,promptmit_v4,qwen1.5b,single
0.2276,marital_status,promptmit_v4,qwen1.5b,married
0.0872,marital_status,promptmit_v4,qwen1.5b,widowed
0.0765,marital_status,promptmit_v4,qwen1.5b,divorced
0.078,marital_status,promptmit_v4,qwen1.5b,legally separated
0.1476,education,promptmit_v4,qwen1.5b,high school
0.3906,education,promptmit_v4,qwen1.5b,college
0.2865,education,promptmit_v4,qwen1.5b,bachelor
0.1991,education,promptmit_v4,qwen1.5b,master
0.125,education,promptmit_v4,qwen1.5b,doctor
0.6326,employment_status,promptmit_v4,qwen1.5b,employed
0.1429,employment_status,promptmit_v4,qwen1.5b,retired
0.2682,employment_status,promptmit_v4,qwen1.5b,unemployed
0.0943,employment_status,promptmit_v4,qwen1.5b,student
